2018/01/05 08:34:00,+*+*+,PoolMonitor.sh,+*+*+,,+*+*+,
2018/01/05 08:32:41,+*+*+,PoolMonitor.sh,+*+*+,,+*+*+,
2018/01/05 08:23:11,+*+*+,PTO_add.sh 12 0 1,+*+*+,,+*+*+,
2018/01/05 08:23:00,+*+*+,PoolMonitor.sh,+*+*+,,+*+*+,
2018/01/05 08:22:55,+*+*+,PoolMonitor.sh,+*+*+,,+*+*+,
2018/01/05 08:22:11,+*+*+,PoolMonitor.sh,+*+*+,,+*+*+,
2018/01/05 08:21:11,+*+*+,PoolMonitor.sh,+*+*+,,+*+*+,
2018/01/05 08:19:24,+*+*+,PoolMonitor.sh,+*+*+,,+*+*+,
2018/01/05 08:18:31,+*+*+,PoolMonitor.sh,+*+*+,,+*+*+,
2018/01/05 08:18:18,+*+*+,PoolMonitor.sh,+*+*+,,+*+*+,
2018/01/05 08:16:17,+*+*+,PoolMonitor.sh,+*+*+,,+*+*+,
2018/01/05 08:15:40,+*+*+,PoolMonitor.sh,+*+*+,,+*+*+,
2018/01/05 08:15:27,+*+*+,PoolMonitor.sh,+*+*+,,+*+*+,
2018/01/05 08:15:22,+*+*+,PoolMonitor.sh,+*+*+,,+*+*+,
